巴黎世家黑丝袜肤色字母植绒性感女士薄款美腿官方旗舰店光腿神器,//g-search3.alicdn.com/img/bao/uploaded/i4/i1/14745115/O1CN011mpMfj1neicElYNPP_!!14745115.jpg,//item.taobao.com/item.htm?id=670151043458&ns=1&abbucket=17#detail,148.00,香港 香港岛,700+人付款,绿氏部
Balenciaga/巴黎世家 丝袜黑色官方旗舰店植绒刺绣黑丝性感连裤袜,//g-search3.alicdn.com/img/bao/uploaded/i4/i4/2213308485186/O1CN01AV0xix1oBEkJLD8kP_!!2213308485186.png,//item.taobao.com/item.htm?id=671909186041&ns=1&abbucket=17#detail,598.00,北京,57人付款,tb282957441226
正品 Balenciaga/巴黎世家 黑色字母满logo刺绣超薄连裤袜丝袜女,//g-search2.alicdn.com/img/bao/uploaded/i4/i2/2207810868515/O1CN01o7FGyy2ClvFXSQ7b1_!!2207810868515.jpg,//item.taobao.com/item.htm?id=671332924516&ns=1&abbucket=17#detail,1169.00,意大利,43人付款,tb071680610
【0907】Balenciaga/巴黎世家 丝袜黑丝超博字母logo性感连体袜,//g-search1.alicdn.com/img/bao/uploaded/i4/i1/838504420/O1CN01StICal1iWPIm5PmsL_!!838504420.jpg,//item.taobao.com/item.htm?id=649737180197&ns=1&abbucket=17#detail,2680.00,山东 烟台,4人付款,wanggecp
日本代购GP巴黎世家黑色丝袜字母logo性感连体袜满印正品黑丝显瘦,//g-search1.alicdn.com/img/bao/uploaded/i4/i1/1603606543/O1CN01rL5Bxl1yCkCaEc8ZZ_!!1603606543.jpg,//item.taobao.com/item.htm?id=671932735444&ns=1&abbucket=17#detail,139.00,江苏 苏州,100+人付款,s_head66
丝袜女黑丝巴黎世家同款官方旗舰店网红字母薄款夏季防勾丝连裤袜,//g-search3.alicdn.com/img/bao/uploaded/i4/i3/2595939985/O1CN011ZNxMB2NdBSnXw9Ge_!!2595939985.jpg,//item.taobao.com/item.htm?id=670597184813&ns=1&abbucket=17#detail,109.90,浙江 杭州,100+人付款,时间发附件
日本代购GP巴黎世家黑丝袜黑色四季款字母丝袜女薄款性感光腿神器,//g-search3.alicdn.com/img/bao/uploaded/i4/i1/1603606543/O1CN01m6IEFQ1yCkCseu3lR_!!1603606543.jpg,//item.taobao.com/item.htm?id=671250833565&ns=1&abbucket=17#detail,139.00,江苏 苏州,78人付款,s_head66
BALENCIAGA/巴黎世家丝袜黑色官方旗舰正品黑丝刺绣植绒连裤袜女,//g-search3.alicdn.com/img/bao/uploaded/i4/i3/2213937445930/O1CN01xYIFu81tfzQ5rU0BR_!!2213937445930.png,//item.taobao.com/item.htm?id=672889970311&ns=1&abbucket=17#detail,398.00,北京,25人付款,tb8082523086
巴黎世家性感字母丝袜欧美英文黑丝个性调情性感印花辣妹打底袜女,//g-search2.alicdn.com/img/bao/uploaded/i4/i3/2207275663385/O1CN01aiR85x1asNQCghVCv_!!2207275663385.jpg,//item.taobao.com/item.htm?id=670301291344&ns=1&abbucket=17#detail,25.80,广东 广州,6人付款,七仙菇
Balenciaga/巴黎世家 22SS黑色字母刺绣丝袜女立体植绒超薄连裤袜,//g-search1.alicdn.com/img/bao/uploaded/i4/i2/2094925602/O1CN01wfRfMG1rFlViKpbZ5_!!2094925602.jpg,//item.taobao.com/item.htm?id=673024699629&ns=1&abbucket=17#detail,1260.00,上海,2人付款,花花公子泰成鞋类店
高奢专柜正版 巴黎世家丝袜 正品黑色黑丝字母刺绣LOGO官方旗舰店,//g-search3.alicdn.com/img/bao/uploaded/i4/i4/2213034595349/O1CN01WdfLjL1pNtIdsi2kt_!!2213034595349.jpg,//item.taobao.com/item.htm?id=669421172983&ns=1&abbucket=17#detail,318.00,江苏 苏州,100+人付款,zhuhdkdn
巴黎世家字母黑丝袜薄款光腿神器女黑色防勾丝夏季纯欲连裤袜爆款,//g-search2.alicdn.com/img/bao/uploaded/i4/i3/2595939985/O1CN01FiesQJ2NdBSxKevj8_!!2595939985.jpg,//item.taobao.com/item.htm?id=671316698751&ns=1&abbucket=17#detail,109.00,浙江 金华,33人付款,时间发附件
巴黎世家同款4条装 丝袜女比基尼连裤袜夏季薄款性感隐形袜蝴蝶档,//g-search1.alicdn.com/img/bao/uploaded/i4/i1/2213302125232/O1CN018tHhwx1oWIxdJOELQ_!!2213302125232.jpg,//item.taobao.com/item.htm?id=669852229412&ns=1&abbucket=17#detail,39.00,天津,9人付款,tb1939752898
官方巴͌黎͌世͌家͌正品真丝1-3双 性感诱惑高光油量孔雀蕾丝袜,//g-search3.alicdn.com/img/bao/uploaded/i4/i1/2212510636099/O1CN01gWkz7d1uvOLobEGn5_!!2212510636099.jpg,//item.taobao.com/item.htm?id=671158861852&ns=1&abbucket=17#detail,70.00,广东 汕头,18人付款,tb236517417468
巴黎世家丝袜性感腰部logo 专柜正品 黑色薄款刺绣字母显瘦连袜裤,//g-search3.alicdn.com/img/bao/uploaded/i4/i4/2213208429664/O1CN01BY0SMv2LGAKCFlS9G_!!2213208429664.jpg,//item.taobao.com/item.htm?id=669629404140&ns=1&abbucket=17#detail,99.00,北京,12人付款,tb010515403
官方巴͌黎͌世͌家͌正品夏季超薄免脱两面开裆丝袜性感情趣丝袜,//g-search2.alicdn.com/img/bao/uploaded/i4/i1/2212799018191/O1CN01zl9t2v2ANWvFG2777_!!2212799018191.jpg,//item.taobao.com/item.htm?id=671850774124&ns=1&abbucket=17#detail,64.00,浙江 杭州,12人付款,tb323126545
加大码胖MM白色蕾丝渔网袜黑色丝袜女薄款连裤袜ins潮jk性感白丝,//g-search3.alicdn.com/img/bao/uploaded/i4/i2/2213624258691/O1CN01izLD392E4Wx3NshG3_!!2213624258691.jpg,//item.taobao.com/item.htm?id=670799445427&ns=1&abbucket=17#detail,12.28,湖南 永州,37人付款,tb869291718
官方巴͌黎͌世͌家͌正品巴黎家同款网红黑色ins字母袜丝袜女打,//g-search2.alicdn.com/img/bao/uploaded/i4/i3/2212799018191/O1CN013a6Opb2ANWvIuAwRI_!!2212799018191.jpg,//item.taobao.com/item.htm?id=671132624237&ns=1&abbucket=17#detail,60.00,广东 广州,15人付款,tb323126545
官方巴͌黎͌世͌家͌正品真丝L字母黑丝袜网红防勾丝JK长腿性感i,//g-search1.alicdn.com/img/bao/uploaded/i4/i4/2211728878180/O1CN013c9YKN2AIUZ7Ba1we_!!2211728878180.jpg,//item.taobao.com/item.htm?id=670773040997&ns=1&abbucket=17#detail,81.00,广东 汕头,11人付款,淘尚百货源
官方巴͌黎͌世͌家͌正品真丝3条装】性感一体式免穿脱丝袜情调,//g-search2.alicdn.com/img/bao/uploaded/i4/i1/2211728878180/O1CN01bPL09R2AIUZ0l8hHA_!!2211728878180.jpg,//item.taobao.com/item.htm?id=670773416358&ns=1&abbucket=17#detail,71.00,广东 汕头,15人付款,淘尚百货源
巴͌黎͌世͌家͌官方正品性感过膝红色边黑丝袜女中长筒大腿袜纯,//g-search1.alicdn.com/img/bao/uploaded/i4/i3/2212855919707/O1CN010FDk8Y2LZrMApiTgf_!!2212855919707.jpg,//item.taobao.com/item.htm?id=671473990636&ns=1&abbucket=17#detail,60.00,浙江 金华,11人付款,tb512542
巴黎世家同款黑色蕾丝性感美腿花边网纱丝袜情调纯欲辣妹打底吊带,//g-search2.alicdn.com/img/bao/uploaded/i4/i3/2206887202107/O1CN01SLYCK41RR3GFKO2ue_!!2206887202107.jpg,//item.taobao.com/item.htm?id=672920235682&ns=1&abbucket=17#detail,29.80,北京,12人付款,tb594594629
巴黎世家同款正品丝袜女亮丝白色薄款连裤袜春秋ins潮日系性感防,//g-search1.alicdn.com/img/bao/uploaded/i4/i1/2212775743455/O1CN01rAUvMO1bOR9WqJ94D_!!2212775743455.jpg,//item.taobao.com/item.htm?id=671616107205&ns=1&abbucket=17#detail,39.00,广东 广州,11人付款,tb7892134144
巴͌黎͌世͌家͌官方正品【4条装】开档包芯丝连裤袜女超薄丝袜,//g-search3.alicdn.com/img/bao/uploaded/i4/i4/2212918248426/O1CN015QBjWV2C79zoo2V25_!!2212918248426.jpg,//item.taobao.com/item.htm?id=671131964160&ns=1&abbucket=17#detail,58.00,浙江 杭州,14人付款,tb554612
巴黎世家同款萌爆天 红色丝袜情调制服性感开档蕾丝过膝盖大腿一,//g-search1.alicdn.com/img/bao/uploaded/i4/i2/2208174876607/O1CN01Ksh14H1yg3YCA5VIg_!!2208174876607.jpg,//item.taobao.com/item.htm?id=671751962681&ns=1&abbucket=17#detail,46.80,浙江 杭州,18人付款,tb604051022
巴黎世家同款正品日系洛丽塔白色超薄丝袜女蕾丝蝴蝶结连裤袜夏圆,//g-search3.alicdn.com/img/bao/uploaded/i4/i4/2212775743455/O1CN01IgGnG61bOR9Z6EBue_!!2212775743455.jpg,//item.taobao.com/item.htm?id=670932537941&ns=1&abbucket=17#detail,26.00,浙江 台州,15人付款,tb7892134144
巴͌黎͌世͌家͌官方正品黑丝白色渔网丝袜女夏蕾丝薄款过膝长筒,//g-search1.alicdn.com/img/bao/uploaded/i4/i3/2212855919707/O1CN01F7fWFa2LZrM8hpyEn_!!2212855919707.jpg,//item.taobao.com/item.htm?id=671472106506&ns=1&abbucket=17#detail,59.00,安徽 芜湖,7人付款,tb512542
巴黎世家同款丝袜2双黑丝袜性感女夏季超薄款防勾丝T裆连裤袜JK百,//g-search2.alicdn.com/img/bao/uploaded/i4/i3/2206887202107/O1CN01BCksgN1RR3GDsr2Qq_!!2206887202107.jpg,//item.taobao.com/item.htm?id=672556170249&ns=1&abbucket=17#detail,63.00,北京,4人付款,tb594594629
巴黎世家同款妃姬：蕾丝吊带黑色丝袜情调女制服内衣套装性感激情,//g-search3.alicdn.com/img/bao/uploaded/i4/i4/2213302125232/O1CN0136XhHp1oWIxqmNLIs_!!2213302125232.jpg,//item.taobao.com/item.htm?id=671810318284&ns=1&abbucket=17#detail,36.00,天津,3人付款,tb1939752898
白丝蝴蝶结日系中长筒袜jk黑丝袜女夏季白色蕾丝薄款丝袜过膝袜,//g-search2.alicdn.com/img/bao/uploaded/i4/i1/2213624258691/O1CN011cEPbF2E4Wwx2IUBn_!!2213624258691.jpg,//item.taobao.com/item.htm?id=670413632467&ns=1&abbucket=17#detail,12.28,湖南 永州,16人付款,tb869291718
欧洲站巴黎世家魔官方旗舰店镶钻闪闪美腿丝袜女打底连体裤袜黑色,//g-search2.alicdn.com/img/bao/uploaded/i4/i4/2209991688198/O1CN01Iko12X2AQjhFVtEeM_!!2209991688198.jpg,//item.taobao.com/item.htm?id=672457908728&ns=1&abbucket=17#detail,73.80,广东 汕头,5人付款,tb9225850498
欧洲站巴黎世家魔官方旗舰店黑丝袜女jk趣情性感裤火辣黑色连体袜,//g-search2.alicdn.com/img/bao/uploaded/i4/i3/2209991688198/O1CN01n3yGe92AQjhN4MsqK_!!2209991688198.jpg,//item.taobao.com/item.htm?id=672837717110&ns=1&abbucket=17#detail,67.90,广东 汕头,5人付款,tb9225850498
巴黎世家同款少女梦娘娘 渔网袜开裆黑丝连体制服开档丝袜性感网,//g-search1.alicdn.com/img/bao/uploaded/i4/i3/2208174876607/O1CN01wjXcuA1yg3YTqPIRP_!!2208174876607.jpg,//item.taobao.com/item.htm?id=671421173117&ns=1&abbucket=17#detail,41.40,湖南 长沙,18人付款,tb604051022
代购Balenciaga巴黎世家丝袜性感黑丝新款肉色满logo显瘦连裤袜女,//g-search2.alicdn.com/img/bao/uploaded/i4/i3/2213760966806/O1CN01WtjtUD209CNKUO22a_!!2213760966806.jpg,//item.taobao.com/item.htm?id=673230043388&ns=1&abbucket=17#detail,920.00,意大利,14人付款,tb2698985796
官方巴͌黎͌世͌家͌正品真丝黑色性感渔网jk丝袜女薄款黑丝网红,//g-search3.alicdn.com/img/bao/uploaded/i4/i3/2212510636099/O1CN01JqGydG1uvOLqFWrmE_!!2212510636099.jpg,//item.taobao.com/item.htm?id=671493142251&ns=1&abbucket=17#detail,67.00,广东 汕头,16人付款,tb236517417468
新款巴黎世家丝袜黑色正品官方旗舰店植绒刺绣款黑丝性感连裤袜女,//g-search3.alicdn.com/img/bao/uploaded/i4/i4/2212808740261/O1CN01h4aO7I1Dna7EZGGsc_!!2212808740261.png,//item.taobao.com/item.htm?id=663116766293&ns=1&abbucket=17#detail,1068.00,北京,18人付款,庙部百货
Balenciaga巴黎世家黑色丝袜字母logo性感连体袜 满印黑丝显瘦,//g-search3.alicdn.com/img/bao/uploaded/i4/i3/2625701688/O1CN01lIaK7i1OL9HWHLxn1_!!2625701688.jpg,//item.taobao.com/item.htm?id=658846565215&ns=1&abbucket=17#detail,2200.00,湖南 长沙,3人付款,zengfan曾
黑丝巴黎世家丝袜女薄款夏季防勾丝性感官方旗舰店网红字母连裤袜,//g-search2.alicdn.com/img/bao/uploaded/i4/i1/2208090399433/O1CN01vODO102JYMq3JZouQ_!!2208090399433.jpg,//item.taobao.com/item.htm?id=671767542750&ns=1&abbucket=17#detail,12.90,浙江 杭州,1000+人付款,tb684504019
巴黎世家黑色丝袜性感黑丝女士薄款显瘦专柜正品光腿神器连裤袜,//g-search2.alicdn.com/img/bao/uploaded/i4/i4/4098667382/O1CN01dQy4tY24P0VS3xVQ1_!!4098667382.jpg,//item.taobao.com/item.htm?id=665816305751&ns=1&abbucket=17#detail,128.00,浙江 嘉兴,100+人付款,霄云商贸部
代购Balenciaga/巴黎世家 丝袜女logo薄款防勾丝打底性感光腿袜,//g-search3.alicdn.com/img/bao/uploaded/i4/i4/3976661094/O1CN01ZJqxmf1Jx62l7EMRw_!!3976661094.jpg,//item.taobao.com/item.htm?id=672686798861&ns=1&abbucket=17#detail,1820.00,意大利,9人付款,zhaochangsuai0001
Balenciaga/巴黎世家丝袜官方正品刺绣植绒薄款性感黑丝连裤袜女,//g-search3.alicdn.com/img/bao/uploaded/i4/i4/2212747437941/O1CN01woTOAt28X1uRPK9WZ_!!2212747437941.png,//item.taobao.com/item.htm?id=671640234640&ns=1&abbucket=17#detail,688.00,浙江 杭州,28人付款,拓弛百货
丝袜女薄款自然裸感防勾丝性感网红爆款巴黎世家黑丝字母连裤袜夏,//g-search1.alicdn.com/img/bao/uploaded/i4/i2/2206721432459/O1CN01MRRMTq1U2Gfa9ZZ8k_!!2206721432459.jpg,//item.taobao.com/item.htm?id=669450584180&ns=1&abbucket=17#detail,138.00,福建 厦门,100+人付款,夏熙女鞋
巴黎世家丝袜黑色正品旗舰店植绒刺绣字母夏季薄款性感美腿黑丝女,//g-search2.alicdn.com/img/bao/uploaded/i4/i2/2210980972330/O1CN01sSfY9o1T5BaEhrJEu_!!2210980972330.jpg,//item.taobao.com/item.htm?id=666503916615&ns=1&abbucket=17#detail,128.00,江苏 连云港,43人付款,szxq55665419939
黑丝袜 2021新款爆款防勾丝大码带字母超薄正品正版巴黎世家丝袜,//g-search3.alicdn.com/img/bao/uploaded/i4/i1/1130330257/O1CN01YDT1m41DlkXWbuC2i_!!1130330257.jpg,//item.taobao.com/item.htm?id=671208844722&ns=1&abbucket=17#detail,10.90,浙江 金华,500+人付款,李玉华103
巴黎世家丝袜黑色正品旗舰店官方植绒字母薄款连裤袜显瘦黑丝袜女,//g-search3.alicdn.com/img/bao/uploaded/i4/i4/2210980972330/O1CN014S7gq31T5BZOA8lev_!!2210980972330.jpg,//item.taobao.com/item.htm?id=668078970485&ns=1&abbucket=17#detail,147.00,浙江 宁波,16人付款,szxq55665419939
巴黎世家同款丝袜黑色黑丝袜正品立体字母刺绣性感黑丝显瘦春夏季,//g-search3.alicdn.com/img/bao/uploaded/i4/i4/2200532223482/O1CN01dm16ye1banqun3yb8_!!2200532223482.jpg,//item.taobao.com/item.htm?id=670587348820&ns=1&abbucket=17#detail,58.00,浙江 金华,700+人付款,kayse琦色国际
巴͌黎͌世͌家͌官方正品丝袜女防勾丝超薄款夏季显瘦美腿加长大,//g-search3.alicdn.com/img/bao/uploaded/i4/i2/2212918248426/O1CN01nS3mIg2C79ztYwhcQ_!!2212918248426.jpg,//item.taobao.com/item.htm?id=671849030837&ns=1&abbucket=17#detail,58.00,广东 广州,21人付款,tb554612
黑丝袜女薄款防勾丝巴黎世家同款耐穿光腿神器菠萝袜打底裤连裤袜,//g-search3.alicdn.com/img/bao/uploaded/i4/i2/3937219703/O1CN01VfS1to2LY1m3QlJy5_!!3937219703-0-C2M.jpg,//detail.tmall.com/item.htm?id=671890689596&ns=1&abbucket=17,6.90,浙江 杭州,300+人付款,天天特卖工厂店
巴黎世家黑丝袜肤色字母植绒性感女士薄款美腿官方旗舰店光腿神器,//g-search3.alicdn.com/img/bao/uploaded/i4/i1/14745115/O1CN011mpMfj1neicElYNPP_!!14745115.jpg,//item.taobao.com/item.htm?id=670151043458&ns=1&abbucket=17#detail,148.00,香港 香港岛,700+人付款,绿氏部
Balenciaga/巴黎世家 丝袜黑色官方旗舰店植绒刺绣黑丝性感连裤袜,//g-search1.alicdn.com/img/bao/uploaded/i4/i4/2213308485186/O1CN01AV0xix1oBEkJLD8kP_!!2213308485186.png,//item.taobao.com/item.htm?id=671909186041&ns=1&abbucket=17#detail,598.00,北京,57人付款,tb282957441226
正品 Balenciaga/巴黎世家 黑色字母满logo刺绣超薄连裤袜丝袜女,//g-search1.alicdn.com/img/bao/uploaded/i4/i2/2207810868515/O1CN01o7FGyy2ClvFXSQ7b1_!!2207810868515.jpg,//item.taobao.com/item.htm?id=671332924516&ns=1&abbucket=17#detail,1169.00,意大利,43人付款,tb071680610
【0907】Balenciaga/巴黎世家 丝袜黑丝超博字母logo性感连体袜,//g-search3.alicdn.com/img/bao/uploaded/i4/i1/838504420/O1CN01StICal1iWPIm5PmsL_!!838504420.jpg,//item.taobao.com/item.htm?id=649737180197&ns=1&abbucket=17#detail,2680.00,山东 烟台,4人付款,wanggecp
日本代购GP巴黎世家黑色丝袜字母logo性感连体袜满印正品黑丝显瘦,//g-search1.alicdn.com/img/bao/uploaded/i4/i1/1603606543/O1CN01rL5Bxl1yCkCaEc8ZZ_!!1603606543.jpg,//item.taobao.com/item.htm?id=671932735444&ns=1&abbucket=17#detail,139.00,江苏 苏州,100+人付款,s_head66
丝袜女黑丝巴黎世家同款官方旗舰店网红字母薄款夏季防勾丝连裤袜,//g-search1.alicdn.com/img/bao/uploaded/i4/i3/2595939985/O1CN011ZNxMB2NdBSnXw9Ge_!!2595939985.jpg,//item.taobao.com/item.htm?id=670597184813&ns=1&abbucket=17#detail,109.90,浙江 杭州,100+人付款,时间发附件
日本代购GP巴黎世家黑丝袜黑色四季款字母丝袜女薄款性感光腿神器,//g-search3.alicdn.com/img/bao/uploaded/i4/i1/1603606543/O1CN01m6IEFQ1yCkCseu3lR_!!1603606543.jpg,//item.taobao.com/item.htm?id=671250833565&ns=1&abbucket=17#detail,139.00,江苏 苏州,78人付款,s_head66
BALENCIAGA/巴黎世家丝袜黑色官方旗舰正品黑丝刺绣植绒连裤袜女,//g-search1.alicdn.com/img/bao/uploaded/i4/i3/2213937445930/O1CN01xYIFu81tfzQ5rU0BR_!!2213937445930.png,//item.taobao.com/item.htm?id=672889970311&ns=1&abbucket=17#detail,398.00,北京,25人付款,tb8082523086
巴黎世家性感字母丝袜欧美英文黑丝个性调情性感印花辣妹打底袜女,//g-search3.alicdn.com/img/bao/uploaded/i4/i3/2207275663385/O1CN01aiR85x1asNQCghVCv_!!2207275663385.jpg,//item.taobao.com/item.htm?id=670301291344&ns=1&abbucket=17#detail,25.80,广东 广州,6人付款,七仙菇
Balenciaga/巴黎世家 22SS黑色字母刺绣丝袜女立体植绒超薄连裤袜,//g-search1.alicdn.com/img/bao/uploaded/i4/i2/2094925602/O1CN01wfRfMG1rFlViKpbZ5_!!2094925602.jpg,//item.taobao.com/item.htm?id=673024699629&ns=1&abbucket=17#detail,1260.00,上海,2人付款,花花公子泰成鞋类店
高奢专柜正版 巴黎世家丝袜 正品黑色黑丝字母刺绣LOGO官方旗舰店,//g-search2.alicdn.com/img/bao/uploaded/i4/i4/2213034595349/O1CN01WdfLjL1pNtIdsi2kt_!!2213034595349.jpg,//item.taobao.com/item.htm?id=669421172983&ns=1&abbucket=17#detail,318.00,江苏 苏州,100+人付款,zhuhdkdn
巴黎世家字母黑丝袜薄款光腿神器女黑色防勾丝夏季纯欲连裤袜爆款,//g-search2.alicdn.com/img/bao/uploaded/i4/i3/2595939985/O1CN01FiesQJ2NdBSxKevj8_!!2595939985.jpg,//item.taobao.com/item.htm?id=671316698751&ns=1&abbucket=17#detail,109.00,浙江 金华,33人付款,时间发附件
巴黎世家同款4条装 丝袜女比基尼连裤袜夏季薄款性感隐形袜蝴蝶档,//g-search3.alicdn.com/img/bao/uploaded/i4/i1/2213302125232/O1CN018tHhwx1oWIxdJOELQ_!!2213302125232.jpg,//item.taobao.com/item.htm?id=669852229412&ns=1&abbucket=17#detail,39.00,天津,9人付款,tb1939752898
官方巴͌黎͌世͌家͌正品真丝1-3双 性感诱惑高光油量孔雀蕾丝袜,//g-search2.alicdn.com/img/bao/uploaded/i4/i1/2212510636099/O1CN01gWkz7d1uvOLobEGn5_!!2212510636099.jpg,//item.taobao.com/item.htm?id=671158861852&ns=1&abbucket=17#detail,70.00,广东 汕头,18人付款,tb236517417468
巴黎世家丝袜性感腰部logo 专柜正品 黑色薄款刺绣字母显瘦连袜裤,//g-search3.alicdn.com/img/bao/uploaded/i4/i4/2213208429664/O1CN01BY0SMv2LGAKCFlS9G_!!2213208429664.jpg,//item.taobao.com/item.htm?id=669629404140&ns=1&abbucket=17#detail,99.00,北京,12人付款,tb010515403
官方巴͌黎͌世͌家͌正品夏季超薄免脱两面开裆丝袜性感情趣丝袜,//g-search1.alicdn.com/img/bao/uploaded/i4/i1/2212799018191/O1CN01zl9t2v2ANWvFG2777_!!2212799018191.jpg,//item.taobao.com/item.htm?id=671850774124&ns=1&abbucket=17#detail,64.00,浙江 杭州,12人付款,tb323126545
加大码胖MM白色蕾丝渔网袜黑色丝袜女薄款连裤袜ins潮jk性感白丝,//g-search3.alicdn.com/img/bao/uploaded/i4/i2/2213624258691/O1CN01izLD392E4Wx3NshG3_!!2213624258691.jpg,//item.taobao.com/item.htm?id=670799445427&ns=1&abbucket=17#detail,12.28,湖南 永州,37人付款,tb869291718
官方巴͌黎͌世͌家͌正品巴黎家同款网红黑色ins字母袜丝袜女打,//g-search1.alicdn.com/img/bao/uploaded/i4/i3/2212799018191/O1CN013a6Opb2ANWvIuAwRI_!!2212799018191.jpg,//item.taobao.com/item.htm?id=671132624237&ns=1&abbucket=17#detail,60.00,广东 广州,15人付款,tb323126545
官方巴͌黎͌世͌家͌正品真丝L字母黑丝袜网红防勾丝JK长腿性感i,//g-search3.alicdn.com/img/bao/uploaded/i4/i4/2211728878180/O1CN013c9YKN2AIUZ7Ba1we_!!2211728878180.jpg,//item.taobao.com/item.htm?id=670773040997&ns=1&abbucket=17#detail,81.00,广东 汕头,11人付款,淘尚百货源
官方巴͌黎͌世͌家͌正品真丝3条装】性感一体式免穿脱丝袜情调,//g-search3.alicdn.com/img/bao/uploaded/i4/i1/2211728878180/O1CN01bPL09R2AIUZ0l8hHA_!!2211728878180.jpg,//item.taobao.com/item.htm?id=670773416358&ns=1&abbucket=17#detail,71.00,广东 汕头,15人付款,淘尚百货源
巴͌黎͌世͌家͌官方正品性感过膝红色边黑丝袜女中长筒大腿袜纯,//g-search2.alicdn.com/img/bao/uploaded/i4/i3/2212855919707/O1CN010FDk8Y2LZrMApiTgf_!!2212855919707.jpg,//item.taobao.com/item.htm?id=671473990636&ns=1&abbucket=17#detail,60.00,浙江 金华,11人付款,tb512542
巴黎世家同款黑色蕾丝性感美腿花边网纱丝袜情调纯欲辣妹打底吊带,//g-search2.alicdn.com/img/bao/uploaded/i4/i3/2206887202107/O1CN01SLYCK41RR3GFKO2ue_!!2206887202107.jpg,//item.taobao.com/item.htm?id=672920235682&ns=1&abbucket=17#detail,29.80,北京,12人付款,tb594594629
巴黎世家同款正品丝袜女亮丝白色薄款连裤袜春秋ins潮日系性感防,//g-search2.alicdn.com/img/bao/uploaded/i4/i1/2212775743455/O1CN01rAUvMO1bOR9WqJ94D_!!2212775743455.jpg,//item.taobao.com/item.htm?id=671616107205&ns=1&abbucket=17#detail,39.00,广东 广州,11人付款,tb7892134144
巴͌黎͌世͌家͌官方正品【4条装】开档包芯丝连裤袜女超薄丝袜,//g-search3.alicdn.com/img/bao/uploaded/i4/i4/2212918248426/O1CN015QBjWV2C79zoo2V25_!!2212918248426.jpg,//item.taobao.com/item.htm?id=671131964160&ns=1&abbucket=17#detail,58.00,浙江 杭州,14人付款,tb554612
巴黎世家同款萌爆天 红色丝袜情调制服性感开档蕾丝过膝盖大腿一,//g-search3.alicdn.com/img/bao/uploaded/i4/i2/2208174876607/O1CN01Ksh14H1yg3YCA5VIg_!!2208174876607.jpg,//item.taobao.com/item.htm?id=671751962681&ns=1&abbucket=17#detail,46.80,浙江 杭州,18人付款,tb604051022
巴黎世家同款正品日系洛丽塔白色超薄丝袜女蕾丝蝴蝶结连裤袜夏圆,//g-search3.alicdn.com/img/bao/uploaded/i4/i4/2212775743455/O1CN01IgGnG61bOR9Z6EBue_!!2212775743455.jpg,//item.taobao.com/item.htm?id=670932537941&ns=1&abbucket=17#detail,26.00,浙江 台州,15人付款,tb7892134144
巴͌黎͌世͌家͌官方正品黑丝白色渔网丝袜女夏蕾丝薄款过膝长筒,//g-search1.alicdn.com/img/bao/uploaded/i4/i3/2212855919707/O1CN01F7fWFa2LZrM8hpyEn_!!2212855919707.jpg,//item.taobao.com/item.htm?id=671472106506&ns=1&abbucket=17#detail,59.00,安徽 芜湖,7人付款,tb512542
巴黎世家同款丝袜2双黑丝袜性感女夏季超薄款防勾丝T裆连裤袜JK百,//g-search2.alicdn.com/img/bao/uploaded/i4/i3/2206887202107/O1CN01BCksgN1RR3GDsr2Qq_!!2206887202107.jpg,//item.taobao.com/item.htm?id=672556170249&ns=1&abbucket=17#detail,63.00,北京,4人付款,tb594594629
巴黎世家同款妃姬：蕾丝吊带黑色丝袜情调女制服内衣套装性感激情,//g-search2.alicdn.com/img/bao/uploaded/i4/i4/2213302125232/O1CN0136XhHp1oWIxqmNLIs_!!2213302125232.jpg,//item.taobao.com/item.htm?id=671810318284&ns=1&abbucket=17#detail,36.00,天津,3人付款,tb1939752898
白丝蝴蝶结日系中长筒袜jk黑丝袜女夏季白色蕾丝薄款丝袜过膝袜,//g-search1.alicdn.com/img/bao/uploaded/i4/i1/2213624258691/O1CN011cEPbF2E4Wwx2IUBn_!!2213624258691.jpg,//item.taobao.com/item.htm?id=670413632467&ns=1&abbucket=17#detail,12.28,湖南 永州,16人付款,tb869291718
欧洲站巴黎世家魔官方旗舰店镶钻闪闪美腿丝袜女打底连体裤袜黑色,//g-search3.alicdn.com/img/bao/uploaded/i4/i4/2209991688198/O1CN01Iko12X2AQjhFVtEeM_!!2209991688198.jpg,//item.taobao.com/item.htm?id=672457908728&ns=1&abbucket=17#detail,73.80,广东 汕头,5人付款,tb9225850498
欧洲站巴黎世家魔官方旗舰店黑丝袜女jk趣情性感裤火辣黑色连体袜,//g-search3.alicdn.com/img/bao/uploaded/i4/i3/2209991688198/O1CN01n3yGe92AQjhN4MsqK_!!2209991688198.jpg,//item.taobao.com/item.htm?id=672837717110&ns=1&abbucket=17#detail,67.90,广东 汕头,5人付款,tb9225850498
巴黎世家同款少女梦娘娘 渔网袜开裆黑丝连体制服开档丝袜性感网,//g-search3.alicdn.com/img/bao/uploaded/i4/i3/2208174876607/O1CN01wjXcuA1yg3YTqPIRP_!!2208174876607.jpg,//item.taobao.com/item.htm?id=671421173117&ns=1&abbucket=17#detail,41.40,湖南 长沙,18人付款,tb604051022
代购Balenciaga巴黎世家丝袜性感黑丝新款肉色满logo显瘦连裤袜女,//g-search2.alicdn.com/img/bao/uploaded/i4/i3/2213760966806/O1CN01WtjtUD209CNKUO22a_!!2213760966806.jpg,//item.taobao.com/item.htm?id=673230043388&ns=1&abbucket=17#detail,920.00,意大利,14人付款,tb2698985796
官方巴͌黎͌世͌家͌正品真丝黑色性感渔网jk丝袜女薄款黑丝网红,//g-search3.alicdn.com/img/bao/uploaded/i4/i3/2212510636099/O1CN01JqGydG1uvOLqFWrmE_!!2212510636099.jpg,//item.taobao.com/item.htm?id=671493142251&ns=1&abbucket=17#detail,67.00,广东 汕头,16人付款,tb236517417468
新款巴黎世家丝袜黑色正品官方旗舰店植绒刺绣款黑丝性感连裤袜女,//g-search3.alicdn.com/img/bao/uploaded/i4/i4/2212808740261/O1CN01h4aO7I1Dna7EZGGsc_!!2212808740261.png,//item.taobao.com/item.htm?id=663116766293&ns=1&abbucket=17#detail,1068.00,北京,18人付款,庙部百货
Balenciaga巴黎世家黑色丝袜字母logo性感连体袜 满印黑丝显瘦,//g-search1.alicdn.com/img/bao/uploaded/i4/i3/2625701688/O1CN01lIaK7i1OL9HWHLxn1_!!2625701688.jpg,//item.taobao.com/item.htm?id=658846565215&ns=1&abbucket=17#detail,2200.00,湖南 长沙,3人付款,zengfan曾
巴黎世家黑色丝袜性感黑丝女士薄款显瘦专柜正品光腿神器连裤袜,//g-search3.alicdn.com/img/bao/uploaded/i4/i4/4098667382/O1CN01dQy4tY24P0VS3xVQ1_!!4098667382.jpg,//item.taobao.com/item.htm?id=665816305751&ns=1&abbucket=17#detail,128.00,浙江 嘉兴,100+人付款,霄云商贸部
代购Balenciaga/巴黎世家 丝袜女logo薄款防勾丝打底性感光腿袜,//g-search3.alicdn.com/img/bao/uploaded/i4/i4/3976661094/O1CN01ZJqxmf1Jx62l7EMRw_!!3976661094.jpg,//item.taobao.com/item.htm?id=672686798861&ns=1&abbucket=17#detail,1820.00,意大利,9人付款,zhaochangsuai0001
Balenciaga/巴黎世家丝袜官方正品刺绣植绒薄款性感黑丝连裤袜女,//g-search1.alicdn.com/img/bao/uploaded/i4/i4/2212747437941/O1CN01woTOAt28X1uRPK9WZ_!!2212747437941.png,//item.taobao.com/item.htm?id=671640234640&ns=1&abbucket=17#detail,688.00,浙江 杭州,28人付款,拓弛百货
丝袜女薄款自然裸感防勾丝性感网红爆款巴黎世家黑丝字母连裤袜夏,//g-search3.alicdn.com/img/bao/uploaded/i4/i2/2206721432459/O1CN01MRRMTq1U2Gfa9ZZ8k_!!2206721432459.jpg,//item.taobao.com/item.htm?id=669450584180&ns=1&abbucket=17#detail,138.00,福建 厦门,100+人付款,夏熙女鞋
巴黎世家丝袜黑色正品旗舰店植绒刺绣字母夏季薄款性感美腿黑丝女,//g-search3.alicdn.com/img/bao/uploaded/i4/i2/2210980972330/O1CN01sSfY9o1T5BaEhrJEu_!!2210980972330.jpg,//item.taobao.com/item.htm?id=666503916615&ns=1&abbucket=17#detail,128.00,江苏 连云港,43人付款,szxq55665419939
巴黎世家丝袜黑色正品旗舰店官方植绒字母薄款连裤袜显瘦黑丝袜女,//g-search1.alicdn.com/img/bao/uploaded/i4/i4/2210980972330/O1CN014S7gq31T5BZOA8lev_!!2210980972330.jpg,//item.taobao.com/item.htm?id=668078970485&ns=1&abbucket=17#detail,147.00,浙江 宁波,16人付款,szxq55665419939
巴黎世家同款丝袜黑色黑丝袜正品立体字母刺绣性感黑丝显瘦春夏季,//g-search3.alicdn.com/img/bao/uploaded/i4/i4/2200532223482/O1CN01dm16ye1banqun3yb8_!!2200532223482.jpg,//item.taobao.com/item.htm?id=670587348820&ns=1&abbucket=17#detail,58.00,浙江 金华,700+人付款,kayse琦色国际
巴͌黎͌世͌家͌官方正品丝袜女防勾丝超薄款夏季显瘦美腿加长大,//g-search2.alicdn.com/img/bao/uploaded/i4/i2/2212918248426/O1CN01nS3mIg2C79ztYwhcQ_!!2212918248426.jpg,//item.taobao.com/item.htm?id=671849030837&ns=1&abbucket=17#detail,58.00,广东 广州,21人付款,tb554612
黑丝袜女薄款防勾丝巴黎世家同款耐穿光腿神器菠萝袜打底裤连裤袜,//g-search1.alicdn.com/img/bao/uploaded/i4/i2/3937219703/O1CN01VfS1to2LY1m3QlJy5_!!3937219703-0-C2M.jpg,//detail.tmall.com/item.htm?id=671890689596&ns=1&abbucket=17,6.90,浙江 杭州,300+人付款,天天特卖工厂店
巴黎世家丝袜春夏季黑色正品官方字母植绒防勾丝性感黑丝连裤袜女,//g-search3.alicdn.com/img/bao/uploaded/i4/i1/2210727812858/O1CN01tRdpRr1Wz0gj6PNr9_!!2210727812858.jpg,//item.taobao.com/item.htm?id=667248378353&ns=1&abbucket=17#detail,238.00,福建 厦门,5人付款,tb6880310944
丝袜女黑丝 巴黎世家同款字母春秋女网红性感超薄光腿神器连体袜,//g-search1.alicdn.com/img/bao/uploaded/i4/i4/4278781582/O1CN01RwigBu1NYbKC8FBZj_!!4278781582.jpg,//item.taobao.com/item.htm?id=673013751755&ns=1&abbucket=17#detail,29.90,浙江 绍兴,72人付款,tb766307382
